mp-14115,4.875229895575818
mp-15704,8.914140289509197
mp-12491,2.6818643099618797
mp-5061,9.048797742492551
mp-5962,2.350428049280138
mp-23289,2.740107116245639
mp-1022,2.958622966958019
mp-27419,2.436816440077388
mp-569548,1.4559060420614316
mp-5348,7.316866618975371
mp-9384,1.2969755580957123
mp-961646,3.290642230723184
mp-6972,4.379485491391793
mp-13900,2.859582199663992
mp-8311,5.489241049548455
mp-638729,1.709795967292874
mp-697096,2.2270044603983106
mp-23231,1.8079743969265174
mp-7908,2.5461254081182494
mp-4627,5.07718697269086
mp-10044,5.958495842236527
mp-3731,5.923323714194386
mp-13541,6.44446143495997
mp-8192,1.875288395584078
mp-8891,5.719470323433973
mp-776532,3.1410546572384397
mp-6026,6.09001014047509
mp-9845,1.7499889262741182
mp-10547,1.75825055926314
mp-9900,3.1266691368916804
mp-5020,5.0098104429642865
mp-1960,6.990798997234023
mp-641923,1.5384230269834849
mp-571093,4.74338081119388
mp-505297,3.732999058924017
mp-561586,3.173707623262281
mp-9812,5.745679657694658
mp-5132,5.240328434547648
mp-22898,1.7581353065148246
mp-4236,3.772746634278942
mp-4666,3.9693092673919588
mp-989608,2.111896397958453
mp-697038,2.6209988927504493
mp-5077,3.3279574652595545
mp-569677,3.4272031311804674
mp-9687,2.617946676784178
mp-6088,2.4897229460887345
mp-754117,4.730881428188533
mp-13445,2.268087906576202
mp-560790,2.1953737333368895
mp-6270,3.472338567476296
mp-555763,4.168610411277795
mp-8452,3.1150816865637796
mp-12385,3.3974579620099643
mp-755287,3.401535295235753
mp-9306,3.4526521945062214
mp-8147,2.7839646061122667
mp-12444,2.4507222595918523
mp-754212,1.2391992663496343
mp-34126,4.545623055427926
mp-7436,3.2551713148501027
mp-7089,1.989910108764023
mp-867219,1.5109662952388117
mp-14206,2.7399193791617926
mp-553875,5.7534022905959015
mp-8405,3.6607301656129754
mp-10615,3.6243034928204776
mp-2008,4.485292245254604
mp-23933,7.992265611366929
mp-961693,3.0617111919893722
mp-991652,2.2119249382002084
mp-573755,1.3226439193031008
mp-23860,2.4718603521445117
mp-661,8.777047309759817
mp-961685,3.4323059511375864
mp-2858,4.711660739962739
mp-862631,1.8850479416723696
mp-553025,1.5934650893708693
mp-7027,5.829903908117873
mp-8278,4.672770950955376
mp-9486,1.91532897951319
mp-10341,5.02159498207861
mp-28797,4.822147574086905
mp-22660,3.3322033841348557
mp-13097,2.0258105889427953
mp-4555,6.151943153823698
mp-10336,3.71062497040649
mp-1008506,4.338816230935984
mp-571461,2.722164334403002
mp-9672,3.57122093742243
mp-1700,7.981029814099929
mp-29149,6.1043375342454995
mp-924128,3.450887456559195
mp-30041,3.109486943264047
mp-551203,2.5603284352735396
mp-2340,3.606726567690112
mp-10418,3.257892363946796
mp-7457,1.2767061603060068
mp-22990,1.7349468524658913
mp-11659,5.382905574165149
mp-4514,5.830811128695534
mp-315,2.3931390541610154
mp-8188,6.342442514777656
mp-540957,1.3341811164431723
mp-9664,4.0552038309871365
mp-4406,4.776127222881839
mp-20329,3.1878772255953174
mp-27546,2.996948064448771
mp-22894,1.6844614561497837
mp-573763,1.3591563574185195
mp-20450,7.265305040747539
mp-13275,2.4808189917990826
mp-549737,5.191489995518082
mp-4187,5.574191053574651
mp-3642,4.699278535830785
mp-20352,3.0836010887943672
mp-28627,2.351202896234855
mp-8262,2.8086455287058603
mp-1413,5.577762078983754
mp-9166,5.9407450909936514
mp-856,3.4633177653519938
mp-1106,2.991890166757704
mp-8409,5.4415347582430185
mp-4979,4.150010924055854
mp-1009792,4.16918703752431
mp-978847,4.30590837438687
mp-31451,3.23652409541114
mp-505825,1.5983825032841816
mp-8235,4.020380048390183
mp-1794,9.531479687444945
mp-27985,2.93289757019037
mp-20256,2.9407893985442706
mp-682,4.092234158425384
mp-772290,2.911622315973789
mp-2784,2.4370898615642633
mp-9062,1.8251029976318442
mp-23303,1.9184905992914298
mp-4200,6.11982832060747
mp-9127,4.333548119603761
mp-15724,2.6815200442009535
mp-867203,4.383898614164591
mp-9259,4.303711274723862
mp-989405,1.7978664847153727
mp-16763,2.928415031120307
mp-568284,1.6512730717275812
mp-961774,2.0928782600520552
mp-7752,3.384446788312722
mp-5295,3.2174472068775857
mp-7928,3.5721509001342464
mp-675230,5.143093926775148
mp-2229,4.369891902363349
mp-11674,3.591452824542228
mp-7929,3.2066786856065157
mp-552547,3.2613167857567036
mp-27253,1.5466028090888109
mp-9872,3.490889277363515
mp-1541,4.423446619846781
mp-546011,2.386166429185998
mp-841,6.7541824507261845
mp-4190,5.37169277538086
mp-867193,1.9088799725201646
mp-581024,2.0194168766321385
mp-9063,1.5074640916464037
mp-23302,1.6608578838779644
mp-9126,4.733750222880214
mp-22905,4.101202547700474
mp-3481,2.9418322549519913
mp-568544,2.3404253946175797
mp-24428,1.7298716660156888
mp-14437,4.5961645169461605
mp-11265,2.7017231760918445
mp-2286,3.6803780637201657
mp-20187,2.2688991016745708
mp-14088,1.8343425804735691
mp-22913,2.3107428649258908
mp-1500,2.9443533623446005
mp-556953,2.227945940792517
mp-23251,2.1749991957424246
mp-8058,4.635757932805757
mp-2455,3.8721810802190704
mp-380,3.354728911478736
mp-37091,2.1951827917806255
mp-3614,4.521333612900189
mp-16236,1.5809300772118053
mp-998604,2.73694726186843
mp-23197,1.457763146104264
mp-441,1.720736821197401
mp-27300,1.6553180912674712
mp-8799,1.965614144104715
mp-7895,2.572130409334859
mp-753098,3.491452477288423
mp-3839,2.706123177227169
mp-28626,5.366924309763011
mp-644203,2.9715031020730067
mp-22895,3.294207881211918
mp-551243,2.9713180497685023
mp-568968,1.7460482748673865
mp-30847,3.2474125157662166
mp-22483,1.4929441655757845
mp-1039,2.638439378456253
mp-9720,3.1399298323861267
mp-1009750,5.221938635876132
mp-20282,2.3632226600577657
mp-7505,3.305520593061883
mp-567776,1.845508758679271
mp-998413,1.0291030986749952
mp-1008680,3.5001734648509455
mp-37906,6.846245236549973
mp-7786,2.612668317160337
mp-9262,1.49014909959486
mp-924129,3.907083431541738
mp-28020,1.435654332081007
mp-181,2.831612686931815
mp-1009087,4.544312028300045
mp-6494,4.932455981362147
mp-997089,1.9822572940980787
mp-1018100,3.6164612712375668
mp-9274,1.774305249346446
mp-2068,4.336797050051615
mp-27678,1.7276993569493861
mp-32616,6.314872675900857
mp-8127,5.39008894871007
mp-8062,9.357798023572032
mp-1243,6.163560201316675
mp-6586,3.483353308640298
mp-267,3.5178895777498678
mp-288,1.7170112351625164
mp-571102,1.2966463878801617
mp-23070,1.8591078552048346
mp-28145,1.9607784762922165
mp-8279,3.6115400670861297
mp-35777,2.9549224769001494
mp-29754,2.540706924104257
mp-755013,3.8578106509438648
mp-10985,1.6337499133540572
mp-625136,3.008454605463928
mp-10086,3.2763304890950167
mp-23861,2.017302098644792
mp-642725,4.536715423379733
mp-8042,5.216327949644048
mp-22323,4.849363685121458
mp-568661,2.194792058602139
mp-15953,5.5034593765399835
mp-543024,1.3513022133080186
mp-961684,3.1741788642837285
mp-4124,5.1358080110152295
mp-9595,4.241706860189659
mp-7972,3.8557431886448197
mp-6660,4.603612242147196
mp-567652,2.378465045058178
mp-7421,3.8629749359149415
mp-754710,1.7113006213113093
mp-24424,1.8195779865053525
mp-14092,2.2769435773876405
mp-22909,1.7229229411656235
mp-21276,2.391445490918954
mp-6949,3.1297382764833244
mp-66,14.265355412584261
mp-10614,4.471362092399905
mp-31149,3.6200681567388293
mp-27422,2.545643908549382
mp-1330,9.286301126101028
mp-8812,1.8958328100907105
mp-7067,3.3991995682095877
mp-10182,4.610543708232797
mp-7437,4.63381194057473
mp-28554,3.348749187857866
mp-989625,3.984419479271367
mp-9583,3.342859383661858
mp-7572,7.125176527520232
mp-28295,2.3001691539668347
mp-1672,4.746746190441218
mp-29484,2.307021515408179
mp-9307,2.7108086770480857
mp-4165,4.281530583281321
mp-1367,5.6413018304467855
mp-13983,3.7659088049353655
mp-998433,3.5741460275818597
mp-773137,1.4080103772781243
mp-998599,4.606256447239153
mp-3970,2.6027325363439107
mp-5518,2.257434356526305
mp-8280,3.99676813241471
mp-3771,7.4002793573849415
mp-2530,2.8475432478391007
mp-560791,3.7328045096698603
mp-1873,2.8141129093401784
mp-22899,2.2802249778327135
mp-23949,3.234408172423391
mp-30373,1.4762690665441571
mp-752580,2.369453114158873
mp-2072,1.9440305613093078
mp-9517,3.4146276164437754
mp-8756,2.2102437165435127
mp-9844,4.660073223837738
mp-989561,2.162573817639558
mp-16742,1.597530307987907
mp-14285,6.405001353569234
mp-7323,4.8847179404413765
mp-7773,2.5641390669315274
mp-2064,2.3186881895876277
mp-10550,6.101916009635672
mp-5488,4.2261063363778035
mp-4763,4.933253417777087
mp-7909,2.330256740515438
mp-3419,1.5283524120544705
mp-8255,2.670748742281969
mp-2176,2.7039099015966013
mp-7374,2.6218917912227475
mp-9385,1.432619033616963
mp-24721,2.1630601103278617
mp-551873,2.8358254422477565
mp-6973,1.6999150376653889
mp-22925,1.6695339995105691
mp-7548,1.859224184244394
mp-10760,3.8778819166919463
mp-5342,2.7475397012540324
mp-9361,3.5587530850082274
mp-997036,2.7288329571121266
mp-22304,2.1347359516741258
mp-2741,4.577374270058734
mp-27385,1.5559350590409962
mp-626785,4.631777613263637
mp-12927,4.53118798726451
mp-8874,6.325456878400803
mp-8177,1.9392988199160273
mp-865185,5.012517043601975
mp-505634,2.24894726254653
mp-8931,2.0465229949696635
mp-9273,1.9975571220847517
mp-569779,3.4841424737453863
mp-539,4.010765443751787
mp-560558,1.8481443926227816
mp-29266,1.6995827859790982
mp-989643,2.248683155989682
mp-19795,2.6011745618802107
mp-3042,2.5260915939635638
mp-861979,4.964454718209214
mp-8161,3.369742670764276
mp-743,2.4227709014234335
mp-1340,5.064841701105208
mp-3668,3.5333046115332785
mp-2079,2.0133484790123366
mp-754326,2.4312408530029352
mp-7447,2.472614694592778
mp-10408,5.094860048541928
mp-3054,6.430980325243222
mp-20817,3.3211682795842408
mp-7914,6.996292903336086
mp-1747,2.11097558787351
mp-20790,2.5685655497249775
mp-22607,2.3659055414554255
mp-10776,3.228557489680515
mp-11022,3.871660525126071
mp-36582,3.377260809987963
mp-676861,3.9603421594353603
mp-30456,2.62105462556951
mp-981,3.636147164263832
mp-23295,2.1322531089234738
mp-14037,2.0614609388753533
mp-7938,4.867530867271113
mp-1415,3.581795657612325
mp-3078,3.1264026045298023
mp-1009813,3.6136157075560766
mp-1550,5.691508019561745
mp-5840,6.71479660492362
mp-643257,2.288304540044194
mp-23485,1.3773241809925671
mp-13033,2.4598049561082678
mp-998603,3.3947822742394504
mp-1784,1.9097397115551036
mp-4586,2.3175160054861084
mp-12622,2.8391254783090694
mp-7650,5.093285866405217
mp-2517,4.2948209571922895
mp-553310,2.5003499288769806
mp-7596,5.411378730257741
mp-8399,2.69483538803825
mp-36111,5.6067021080400465
mp-22914,2.4604573367738674
mp-9567,3.4098278126729444
mp-19717,2.0587059028969774
mp-11327,1.8967942341224286
mp-30315,3.4991723861912107
mp-27829,2.005680316688033
mp-961660,4.494841785667777
mp-30250,3.5181062759207467
mp-1287,2.3948889873735877
mp-684,3.093846446928642
mp-7979,2.317535704713388
mp-989638,2.6472380058664027
mp-570935,1.8260176105235786
mp-27716,0.9361365074815012
mp-9571,4.021745641984514
mp-3486,2.5667197125889536
mp-6450,4.810608200611789
mp-29163,4.457288633338863
mp-5339,1.3652989143330192
mp-867194,4.34488215653542
mp-4482,4.678122659829543
mp-8622,2.7406563954396255
mp-3982,3.0752139913982446
mp-5122,4.133172947892225
mp-22888,2.084463387105309
mp-23260,1.6570672786294922
mp-22922,1.8168516584196244
mp-989618,1.710029297552909
mp-552537,3.2632246883284304
mp-22867,1.773606994971675
mp-867730,2.5283554622323883
mp-989531,2.5102916412550074
mp-504838,1.940768528568884
mp-5175,4.946419506699218
mp-165,7.039698192198652
mp-9855,4.582385584684682
mp-470,4.266932544902924
mp-2576,2.693967161068505
mp-7774,2.150781493568123
mp-28302,2.9517387082372815
mp-7631,10.35180753755622
mp-541989,6.678273559421719
mp-8751,2.2206551247976414
mp-5860,2.1015575532735453
mp-23364,1.676400225042882
mp-556866,1.8267348517289401
mp-6870,5.843881115281675
mp-13947,1.8738801522936643
mp-551835,2.4114486880793766
mp-8881,4.558266829174568
mp-11583,5.492974413677691
mp-22934,1.3642912661237965
mp-567680,1.7295050234113283
mp-827,3.229797059391348
mp-549697,4.096705301424452
mp-23299,2.2354241349513804
mp-12317,4.034779688391403
mp-961713,3.322005530785899
mp-20289,4.122778544252047
mp-7670,2.9337313372278686
mp-2472,4.176006586633101
mp-7467,2.7568292868410436
mp-3074,2.3930055729625277
mp-38011,3.131554483730119
mp-29529,3.349738350875055
mp-8454,3.135414753297687
mp-13984,3.0057656842199005
mp-553961,4.924019428069922
mp-29342,3.9072673033942746
mp-7060,2.6114461034447896
mp-28553,4.148087826017432
mp-7575,5.066621763109018
mp-975140,2.1355598155894504
mp-23870,4.498144489193273
mp-27999,2.3125080623085155
mp-561902,1.297204319850251
mp-2624,3.35022750264411
mp-567655,3.0716892491596646
mp-24423,2.1443783323861
mp-24589,1.3665695145345147
mp-30460,3.0054138921474443
mp-570485,5.443262491529102
mp-976280,2.3120253534640223
mp-15684,2.7302663363720114
mp-1634,3.3498965177834137
mp-675902,3.58973184644238
mp-29138,1.0656732613213806
mp-15954,4.268466869440863
mp-568666,1.4614984295420308
mp-11917,10.411172944629554
mp-570256,0.968104471225511
mp-22261,3.460328657198351
mp-4820,6.193164303147836
mp-7922,3.157544441072034
mp-3432,4.016293340226548
mp-149,6.378444480503987
mp-27608,6.541754355136859
mp-684690,6.747709040292172
mp-985586,3.3283487024466205
mp-997041,2.9321260574985466
mp-4524,4.306294256381209
mp-13992,1.498994718953492
mp-5621,3.110042421605021
mp-4175,3.734258548569803
mp-552234,3.257714866289787
mp-9317,5.227988971917774
mp-7470,2.2113077255367255
mp-2672,3.5895227200637954
mp-13356,3.5986185614728243
mp-12814,1.964139124804604
mp-1265,7.267736624812031
mp-19833,2.4143147234164917
mp-961682,3.498149802605537
mp-7077,1.7996171409841804
mp-8697,7.742774241304478
mp-15685,3.140252424728209
mp-8402,4.093872073513807
mp-9839,4.1385631443979785
mp-20027,6.278386988074513
mp-3167,2.02744168395917
mp-9244,12.754937682187636
mp-675104,3.0519317751933266
mp-4533,5.198873821837896
mp-23060,1.383228403809877
mp-15781,3.9177718518838134
mp-697044,2.352033549011667
mp-21374,1.9661388912016218
mp-632319,1.9447465057290774
mp-7173,3.2172297415623965
mp-2371,2.0882668687825947
mp-11869,3.1824329967348763
mp-10281,4.154211845685591
mp-2920,5.906373763270483
mp-961657,3.49640251326662
mp-22935,1.658216389025001
mp-28591,2.8302703020954127
mp-28084,1.6126309014568225
mp-8212,2.358914982806873
mp-989571,1.9624898292038286
mp-754517,1.798506438282546
mp-13946,1.924364574629151
mp-2074,3.6982784068157666
mp-9268,1.7322435103465519
mp-8880,6.198487815675523
mp-5532,4.88271200572268
mp-4636,4.892552026230646
mp-8615,6.962290838160333
mp-753401,7.665873867310203
mp-6867,4.183478296858461
mp-2961,5.199879884895533
mp-567290,3.35191909489823
mp-643260,2.7419413569487148
mp-1008223,2.238519642227548
mp-7667,3.65281390379374
mp-13907,2.8134314199225727
mp-1249,3.521599850407901
mp-9383,5.04040748030945
mp-15703,11.403696774244557
mp-29396,3.921106659970203
mp-830,5.403635365557268
mp-7958,4.442690593604959
mp-3448,4.714271271976927
mp-546125,5.220801140520785
mp-545359,2.9206257333417582
mp-8789,4.303815527758101
mp-8623,2.4067459628554073
mp-3595,3.8137605336720317
mp-23703,8.475913423377088
mp-9198,7.234272976499042
mp-996962,2.3733566148526792
mp-23353,2.3270951965994384
mp-752676,5.601369294381939
mp-581833,1.4483469618697846
mp-27255,2.4674057335239934
mp-2691,2.3603977108157195
mp-1394,2.0290260554408426
mp-866291,1.496035449395123
mp-28266,4.923130169788975
mp-27193,2.707753655153104
mp-541044,3.8990213104010363
mp-16764,2.638826949020245
mp-3038,2.433003937323367
mp-7581,3.825439991960362
mp-406,2.1460464155585885
mp-22450,6.508501493841375
mp-8361,1.6905485840448529
mp-9570,3.9865960106164606
mp-22903,1.5010660081230098
mp-5380,5.0897795670062145
mp-27828,1.7770262379047388
mp-961661,4.065402037904366
mp-1639,12.647267771415885
mp-11019,4.509584893679318
mp-549589,2.379651878426753
mp-2853,5.814520979547406
mp-9566,3.586155166774206
mp-8377,2.6561753639611556
mp-7128,5.332493009353665
mp-551269,3.7366109844261817
mp-24341,0.7588960431142219
mp-23484,1.577453456382867
mp-13032,4.230362601124194
mp-12623,2.308753504973371
mp-961698,4.120088782830096
mp-8818,4.418999188207328
mp-7939,3.959595559361066
mp-866141,5.8593673355753575
mp-12418,3.238529961058631
mp-867300,2.5227433868828264
mp-27243,1.136581023172041
mp-10219,3.1974109680456397
mp-8459,4.671997885208044
mp-27869,3.102607255841549
mp-1018096,3.1897746984616178
mp-4495,1.8225352215020696
mp-3700,3.722929397540869
mp-20210,3.693077927388605
mp-28270,2.341502625578297
mp-7104,3.0933463446363745
mp-15349,5.35082192458822
mp-7041,2.706677739348644
mp-7738,4.017438902811357
mp-570324,1.3709477113373303
mp-2490,4.477714923609891
mp-6980,4.798065674864856
mp-22313,3.8585344032197466
mp-1253,2.575895563317435
mp-1087,3.6365653376947003
mp-7446,2.849056151180489
mp-554155,4.285416718779442
mp-9008,1.2971003338193714
mp-5928,3.411262350808092
mp-14333,2.8848683275139195
mp-23040,3.6700746104620627
mp-7903,1.8978815287583588
mp-989642,2.924937744547257
mp-7000,5.185872984432336
mp-23406,1.634879338061842
mp-23056,3.697316338169022
mp-8176,3.046252204786724
mp-304,3.56315083945978
mp-10223,4.363174606668383
mp-241,3.022700934237187
mp-1008556,4.3349786117198805
mp-8930,2.718056697376879
mp-2605,5.885005197009419
mp-8208,2.4847135483147116
mp-8658,1.5165114722475563
mp-1029,3.0288201720929107
mp-1479,8.804270169922905
mp-11520,3.578116354721601
mp-4047,1.8021583094204416
mp-9675,2.7185169995355434
mp-2469,2.7286540412821787
mp-8335,3.9512400644016927
mp-15777,2.385213337699193
mp-3980,2.8916091037956893
mp-22957,2.4249617386453086
mp-21228,2.095388166838344
mp-643243,1.5048061116393476
mp-571222,1.540055340003682
mp-23350,1.7940147542836489
mp-5012,6.748599448631993
mp-16337,2.0702086114848353
mp-5784,4.1805861480999305
mp-9573,5.204750914370661
mp-1143,9.389428042144344
mp-510273,2.8509847178223384
mp-1285,4.045564182750333
mp-989513,2.02681187801945
mp-11919,5.6118503430377515
mp-239,2.3014108610781387
mp-21855,2.5364920932189725
mp-556405,5.552596619491385
mp-569346,2.477542621632303
mp-12509,4.972294277295339
mp-8724,2.981677477919509
mp-29209,2.770454086080411
mp-22916,2.3582062549144314
mp-9565,3.750469055529681
mp-24084,3.236119949076322
mp-551456,2.9369231572761136
mp-13898,2.564406146971764
mp-13031,3.0401886061743784
mp-21510,2.89886713555213
mp-862947,1.6880280126602194
mp-7469,3.2270390642323563
mp-2542,10.035062336580872
mp-3216,7.612915044381626
mp-16264,3.523650002406112
mp-697030,4.79380147657487
mp-11020,3.838709868028399
mp-5213,3.179442838802997
mp-22255,1.6626243529868734
mp-6983,2.6661135003156544
mp-1315,5.440888172408177
mp-4547,3.1316700730963696
mp-13676,3.8918133155080703
mp-3056,3.596113861442681
mp-1591,8.594297077002627
mp-567636,3.7535014077122066
mp-1968,4.2559629075688425
mp-468,6.340591099879158
mp-5478,2.485608210883609
mp-3810,4.173501105328813
mp-487,7.55725481664327
mp-31212,3.961505321858954
mp-2352,4.390748276449014
mp-643279,2.0697571364500553
mp-13949,2.1830022993694724
mp-551092,2.686480947528459
mp-760417,1.7039755230468252
mp-1342,3.153780228036
mp-755309,2.26139993056416
mp-774907,3.369946109070883
mp-19851,1.7600161081780155
mp-561561,2.35079097197654
mp-2201,2.1920834131188993
mp-867339,1.7832148080804933
mp-13660,3.5897364141913215
mp-1009082,2.90013306303612
mp-9158,3.5361656825260748
mp-5878,3.8529356680599918
mp-11718,2.4005434610262415
mp-1138,5.592175469919918
mp-8175,3.364079562967229
mp-757,4.840770503628178
mp-23956,4.139158162394776
mp-23405,1.530013162673902
mp-1018040,3.3297071152041173
mp-10918,2.1440083046928335
mp-989616,1.7601704672797107
mp-991676,2.3170514768994006
mp-15649,3.9920791021768154
mp-864954,7.816614523375892
mp-558071,2.1632481028122656
mp-10627,3.0066464104568644
mp-7392,2.3766702401158173
mp-15999,3.123744636678262
mp-23425,1.5847502854200048
mp-3349,5.089939981228572
mp-5858,2.627202330706156
mp-3125,3.570739241827195
mp-15794,3.694701466809761
mp-29585,2.598978848451851
mp-23167,1.615151789908553
mp-1266,2.967108862600307
mp-27827,2.033736441467273
mp-9986,1.5236311130187736
mp-504729,1.6496002250926791
mp-38117,1.9154342251305572
mp-570891,2.205255400136845
mp-736,6.702426768122656
mp-961678,3.9602624648936016
mp-997002,1.9328292209757194
mp-27562,4.400095391282537
mp-9569,4.97382111351689
mp-10492,2.082272177037024
mp-975115,2.023992932269336
mp-7936,5.527946275534055
mp-2667,1.4041214354543314
mp-6960,2.689290360467544
mp-23018,2.657551251354177
mp-961711,3.5791782413074826
mp-614603,1.3377930004965393
mp-22936,5.567587943392759
mp-570844,2.6193530029090755
mp-7808,2.7500663823064038
mp-571306,4.9644458281376656
mp-4009,2.9237086246190453
mp-3666,5.1468144238669975
mp-8180,5.209471084696536
mp-28603,3.378843133646779
mp-13800,2.3078458861674855
mp-546864,4.697836172235455
mp-7449,2.0530529027985245
mp-10955,1.857137994636222
mp-8753,2.5824994276884765
mp-1008559,9.926088438926005
mp-567913,3.4274746055619953
mp-23059,1.7688910081444627
mp-2574,3.5663890703448886
mp-867335,2.110693952875199
mp-974381,5.760549115082514
mp-623024,2.748106588292331
mp-568536,1.2456999383345517
mp-11714,10.368741101805087
mp-753802,9.050780528634258
mp-3277,4.289536340141244
mp-29403,1.515365727328554
mp-3762,3.2049272661643116
mp-8207,2.4341548949971084
mp-22865,1.9805745322639734
mp-22473,3.2894403077625527
mp-867699,3.694414501899312
mp-626620,3.573136073658611
mp-643370,3.2042117699023898
mp-5967,4.102118575472593
mp-23263,1.439602001511413
mp-568560,1.3421173995781388
mp-4360,3.5632909395690455
mp-754368,5.09291546973589
mp-648,3.8506008004229937
mp-999498,10.364583623606237
mp-2488,3.74377415659459
mp-861937,2.124096472856337
mp-642648,4.001341607603206
mp-2172,4.193065396569209
mp-961706,3.8815227354763984
mp-1070,2.494038554590466
mp-760375,2.3596899728328586
mp-9010,1.613865806062653
mp-753946,5.679748968750123
mp-189,4.873495390461498
mp-9856,1.9307318135144815
mp-11715,6.7242741922317935
mp-20731,2.0001665405344284
mp-23737,5.21031244702179
mp-9143,3.5265365416497794
mp-23222,2.7803819809934827
mp-573697,1.7658543328039784
mp-11703,3.6404727338599527
mp-8752,3.3595934089210266
mp-754329,4.387314628121984
mp-29506,2.6698954226127998
mp-8882,4.931756763698856
mp-684580,1.7046651403276085
mp-567841,6.9000912398247705
mp-2133,4.3362608127844355
mp-552488,2.189935690689946
mp-12894,5.44753971109336
mp-5588,5.739238357527552
mp-5072,1.7993993023714783
mp-552934,2.8013658146527596
mp-2758,3.015113917487399
mp-20459,2.6476182189839403
mp-28069,3.587668004602037
mp-22937,2.419575726683435
mp-19734,3.2037857229680227
mp-30459,3.1983688231787366
mp-3519,4.389445477802387
mp-753287,2.9834116375720954
mp-2534,3.5964633339680705
mp-20072,3.875916967116332
mp-979137,4.873419793568815
mp-570097,5.3688566158577045
mp-3098,5.557955078597082
mp-3427,3.989950791841707
mp-7937,5.0976955042040055
mp-568018,0.9606538693752547
mp-14038,2.8294602013171826
mp-973185,4.019528742272661
mp-4531,3.8377432707231196
mp-23432,2.0215009626493248
mp-760,4.414279330937576
mp-7608,5.490147307230519
mp-23127,4.45807482795097
mp-24066,3.4313914195210065
mp-7825,2.4869613957133323
mp-23259,2.809644862246918
mp-510268,2.3882357156373044
mp-14983,6.813791481896047
mp-5377,4.016764617040024
mp-23465,1.6848033523392782
mp-770932,8.994506317320594
mp-27830,1.777584415680918
mp-672,2.9321344666330496
mp-10485,3.3347158601549993
mp-5048,2.128058093263764
mp-15668,2.649946016234043
mp-23023,2.3492586617357873
mp-29584,2.864497641013171
mp-7219,6.293695817525562
mp-559092,4.8701703718894125
mp-6408,3.7516886582296665
mp-2918,4.121322018991754
mp-29091,3.856427665221895
mp-9657,5.959706799771389
mp-567744,1.9710812281548364
mp-541226,2.696461084372981
mp-11739,2.7018119883605896
mp-996983,1.5051043232089079
mp-30988,3.6391947351222282
mp-7472,1.902752647095382
mp-7188,4.678406914860797
mp-7921,4.1481427025843765
mp-29750,1.4661860108301628
mp-13641,5.106438524043694
mp-999549,6.008808302890503
mp-8857,2.251075980899366
mp-9250,1.8772336204598907
mp-1247,3.435035916147409
mp-9732,2.029605296537566
mp-569812,1.5857449764104097
mp-10919,1.924288242185856
mp-3915,2.2824754452454923
mp-28423,2.1020280876267337
mp-38970,4.419936901638444
mp-12532,2.49761241582776
mp-29398,1.3378998278483252
mp-8932,2.708918917762446
mp-9270,3.7293016533024557
mp-972937,8.128483638581548
mp-643002,3.894912479207887
mp-23054,3.541649620177118
mp-760400,3.261556472314698
mp-27294,2.694874646741075
mp-1009129,5.908990003756713
mp-752658,4.945687352812048
mp-886,2.3235614190840965
mp-1569,11.139641884387634
mp-3104,2.6679133287193335
mp-11719,3.2015314451822086
mp-23804,5.677906360271611
mp-13948,1.7492828278818442
mp-2979,5.065584342148575
mp-24292,3.3754567665115665
mp-9636,2.7722691095670093
mp-4511,4.433932183672806
mp-8861,3.135895852219761
mp-7297,1.857651246360368
mp-2646,3.1984377856058352
mp-1986,3.8469262647257314
mp-486,5.114695771424525
mp-998552,4.207979418657618
mp-961659,4.4334316920295835
mp-5707,0.8535961657638511
mp-7940,3.8481168485984525
mp-754535,3.1824831874755524
mp-4497,8.299185718495503
mp-29463,7.6838946108354
mp-7604,6.184017701307188
mp-552806,3.092277541566196
mp-7891,4.11598315635789
mp-573658,2.3752336308626294
mp-23193,2.668708446644267
mp-31454,3.3848632740935174
mp-384,3.3621269353503664
mp-5394,2.7089117581120448
mp-21511,3.462433407275123
mp-961675,4.914165015515557
mp-29208,2.8868114959233515
mp-37216,2.4580323380069298
mp-9564,4.686806842001077
mp-804,5.986214908954264
mp-6384,1.2951275297567704
mp-11918,6.266209383723478
mp-13925,2.571089687550837
mp-22901,1.7792500350890361
mp-9821,3.056293954520084
mp-5414,3.874615669414618
mp-12908,3.048736288097427
mp-9437,4.02093411152315
mp-29025,3.9371912476084296
mp-28264,3.8281439418952403
mp-989400,3.0591811881706987
mp-15776,2.7925253004989226
mp-2693,2.588403959567117
mp-22956,1.5402366063541368
mp-23214,2.7907602558403752
mp-546500,3.299443644988859
mp-8621,2.954776903964151
mp-8016,3.248760193965508
mp-8446,3.1164427350221633
mp-4035,1.786468465771409
mp-28453,1.2861346288267193
mp-7863,3.0659471045653888
mp-4609,5.148379839246561
mp-12954,5.10268221879918
mp-10969,3.800684812026908
mp-1958,2.5268023883036865
mp-36508,2.2254263904072213
mp-12779,2.2551750674473667
mp-4824,2.491576860530405
mp-961687,3.5498937902149854
mp-23024,2.156328074219457
mp-3748,5.73167533568659
mp-9200,1.9268499843921625
mp-568662,2.495907411839562
mp-8411,2.8961722219634844
mp-23862,1.697169491495177
mp-8041,2.108617642221598
mp-4961,2.306594269387229
mp-14091,2.344852970930914
mp-3524,7.489467466554693
mp-1519,2.8534792468804895
mp-28111,2.79782052166868
mp-12903,1.7565848585558967
mp-730,4.40382840750499
mp-27421,2.758308381554093
mp-8407,5.042855308065925
mp-7988,1.6219289932123306
mp-3924,6.650172801278224
mp-12016,2.5644535103205564
mp-980057,4.759888359590138
mp-966800,3.659209854426027
mp-15157,2.553052195935507
mp-8145,5.177185882964468
mp-989558,1.866726759840823
mp-3359,3.655161757833208
mp-568273,2.5175632551474423
mp-1020019,7.1928660706589325
mp-570213,2.5245122969558564
mp-8000,5.476931823472696
mp-23209,2.821202532023676
mp-7176,3.0469525246783586
mp-3637,5.47410986313006
mp-21166,2.4543292820039997
mp-1011695,2.1703243491084976
mp-6989,1.8885985070838023
mp-3288,2.142021144899672
mp-3772,2.485538919227302
mp-8217,1.6803065819565155
mp-22875,1.5218230916455422
mp-1014244,5.491383343942512
mp-29151,5.5185658151311685
mp-9778,2.932456582288871
mp-22988,2.011103866356598
mp-924130,3.9458898241067057
mp-9144,3.1461004459926714
mp-9514,8.565072341234403
mp-568619,10.426983780225276
mp-28243,3.390361892851461
mp-10695,3.84153037754635
mp-7770,3.787843414439356
mp-997086,3.2233983130390733
mp-989562,2.3051957437064874
mp-8256,3.236564251945031
mp-1009088,3.9666338850703293
mp-927,3.1358785855372293
mp-7232,1.5698404229815475
mp-2030,5.5383847802158925
mp-9386,1.391008646214661
mp-29055,1.2284014233405507
mp-12885,3.4452434195129604
mp-28994,3.581172317482731
mp-2319,4.754647416595535
mp-27227,2.9179248968325653
mp-22951,1.754771097438172
mp-8276,4.5646473182734555
mp-27315,3.336482601647662
mp-34169,3.3558435707493097
mp-2552,6.095461117785742
mp-13099,3.91944088922307
mp-989407,4.3983595264931425
mp-5782,2.8808265792501886
mp-9125,4.8974754598499715
mp-22906,1.7986377129499547
mp-9575,4.439348149243753
mp-14588,3.043051489362668
mp-568052,2.909189454501473
mp-1000,2.243561208949727
mp-3744,6.546561685438232
mp-4081,2.3708990669445327
mp-10748,2.798448534110726
mp-7642,2.5824885472620793
mp-1153,5.389012829786144
mp-7438,3.3295848812418622
mp-3247,2.2954259981836045
mp-27138,1.2388943205783056
mp-12558,4.186787994361652
mp-23710,4.2016833190405904
mp-8630,3.676484085171168
mp-27303,1.9681687933774412
mp-15788,4.769671109848184
mp-867169,2.301297942707919
mp-540703,1.6277654510893829
mp-1002164,6.207162067690657
mp-35152,3.111684585303299
mp-29521,3.2599872614218697
mp-997618,4.564678856640826
mp-13277,3.945222070830743
mp-1190,3.1093023602416587
mp-570008,2.983031960960323
mp-22896,1.7810238747788933
mp-643101,1.74604202814532
mp-10322,2.4080202660646957
mp-8098,5.069190835984153
mp-5350,3.5044791153234094
mp-3953,5.595397480572703
mp-634657,2.096679967042325
mp-7910,2.185842973337052
mp-28873,2.110176395307182
mp-4280,4.662423902943617
mp-8759,2.676187013586672
mp-9631,4.516482371129876
mp-252,3.5231299544644528
mp-569442,1.2979037133870248
mp-602,2.968227784053275
mp-27456,1.9005431649333069
mp-7906,4.049798428727796
mp-1009084,3.464240217095284
mp-5038,2.7930795978559577
mp-7140,10.388292402115448
mp-7639,3.7653779549109303
mp-10226,4.692832575028572
mp-23116,1.9217920371869235
mp-2600,2.126627445094098
mp-989610,2.615978423811054
mp-23268,1.9004338616629444
mp-7547,2.6857507965209066
mp-754363,3.708408031118205
mp-12535,2.248391571039898
mp-32880,2.348341131938224
mp-14398,6.110210542229083
mp-20782,1.9051459848352703
mp-23004,1.7589569201266855
mp-989539,2.37090821579519
mp-567558,1.2610189460386352
mp-961649,3.9155142212520686
mp-2894,3.054117816955714
mp-4043,2.5599381807888877
mp-8430,2.850151145144459
mp-5652,7.858496827345102
mp-675531,4.104979577320417
mp-31468,5.375242018847589
mp-983565,3.87665783360992
mp-5594,9.221820255071087
mp-676464,0.7254773374981869
mp-4385,4.458929966002034
mp-16577,3.363569474786758
mp-1008786,3.07664223066479
mp-1009894,3.9172636774712806
mp-20015,4.488806274270917
mp-8934,1.844329740925487
mp-504535,4.073567461000387
mp-11123,2.928983673481259
mp-7907,3.05021602116933
mp-4782,2.915740314676204
mp-1009085,6.399510114681244
mp-9919,3.2414751838119855
mp-569639,1.418350845358636
mp-25305,5.231253197337643
mp-697133,2.32177694484492
mp-573721,2.3819173087061922
mp-4452,3.0406494139328317
mp-8922,4.22759468749859
mp-4002,4.234027799626258
mp-608555,1.686502824716135
mp-9775,2.1522751139000253
mp-27904,4.725381280546794
mp-1345,3.9942049360111604
mp-28171,2.526416862181381
mp-28872,2.4128722052910763
mp-7911,2.7429768329834636
mp-27791,6.34867083208988
mp-547792,4.486869056697852
mp-8426,2.4605981791081466
mp-8830,5.421930799927452
mp-976876,2.260008201635141
mp-15988,3.56137503889423
mp-754118,5.58931532635498
mp-6984,3.109170464907533
mp-10289,7.942319521956901
mp-13276,4.939316577596365
mp-567666,1.897535398607534
mp-6654,1.8119857075449597
mp-6204,2.7690013797063826
mp-5078,2.9341744306490534
mp-7100,2.7423490538028794
mp-28599,2.8030365763785277
mp-567373,1.8581689149433485
mp-27882,1.7528749023911798
mp-20351,3.388851388676398
mp-2400,3.944914965766922
mp-867168,2.1342422357172004
mp-5795,7.3887856178968105
mp-545500,3.4700458738594424
mp-547244,3.150062248779688
mp-1105,3.3097370219817357
mp-560588,4.186012019375915
mp-553342,4.273473371166117
mp-31002,2.2945579576879314
mp-961673,4.057371018968789
mp-5238,3.838778138846752
mp-6947,6.180296549903471
mp-9562,2.8115147590599983
mp-10163,1.8169397703030585
mp-7439,3.423382936881825
mp-9718,2.771027261889262
mp-1778,9.06670474675789
mp-978852,3.760762671998036
mp-7643,2.2659220903567383
mp-7090,1.897615982216583
mp-9124,3.715530344139984
mp-553303,2.2434469747543475
mp-5853,9.54150152493521
mp-2695,3.2533492063174294
mp-8277,3.8359876792025926
mp-971,3.0980552918601667
mp-22862,3.2253881331517427
mp-588,4.832396419803199
mp-422,6.555159788482743
mp-1922,4.2940700923060895
mp-8200,2.2669633236774622
mp-5127,3.7427808006372225
mp-10155,4.818073493125943
mp-14116,4.25963466905928
mp-3159,2.7038958890244538
mp-7233,4.124719089938218
mp-13903,3.5752632230662846
mp-23009,4.695406813847915
mp-541037,1.9570227811932204
mp-9692,1.7233680148689228
mp-4809,2.6649013166225712
mp-8579,2.9508146438413654
mp-8257,3.3799143854348195
mp-1009820,4.5401008489993515
mp-10417,4.361550610185084
mp-9915,4.057215966731076
mp-643264,4.804503482440169
mp-561710,2.8122494848310677
mp-160,12.63421003890303
mp-684969,9.599813867380266
mp-9780,0.7316893195995178
mp-555166,2.7929014501056635
mp-23818,3.815253621992318
mp-10694,4.863125121186071
mp-9295,2.2025691623997257
mp-568032,1.662632380888035
mp-463,3.290389744433041
mp-9846,1.5927302950207025
mp-867261,3.3177507245818987
mp-19765,1.8694291715648574
mp-7622,2.7825923742577836
mp-6930,5.0098945907223404
mp-8884,2.9116923535915453
mp-15896,6.257421872734894
mp-989575,2.332472797377395
mp-755586,3.7170774034096916
mp-1522,6.175845864301748
mp-8979,3.8012875600404015
mp-27549,1.8897704110265883
mp-23859,3.2220638900143412
mp-31235,1.4432318094557968
mp-690785,2.415318792615107
mp-20832,2.1181662161150214
mp-634676,1.5445219780671813
mp-7931,3.039361418039951
mp-766,4.26623353874453
mp-558781,4.225260722500306
mp-9755,4.4705295167180665
mp-9610,4.479699307646057
mp-23033,4.087827870618066
mp-27420,1.8373597250344813
mp-569571,3.690094883108312
mp-33526,4.500680650453187
mp-10246,3.773369901274453
mp-10616,3.2843234715959326
mp-14205,3.0173335651350914
mp-7566,5.824796084322984
mp-697144,1.4170552216865717
mp-13610,3.0011355796575594
mp-768368,2.0707908138712083
mp-23025,2.5464518661617563
mp-1020059,6.456874598485261
mp-8943,1.9929277868586794
mp-15951,4.04994190721277
mp-10250,3.7099922832371015
mp-3821,2.0232733397496645
mp-11695,2.5087009795163056
mp-30062,1.4564503758471476
mp-33588,5.4183188831292775
mp-8017,2.83608782448492
mp-1009733,4.2827937829145
mp-6459,6.423124842266517
